url,slug,title,h1,meta_title,meta_description,canonical,robots,lang,hreflang_targets,word_count,template_id,cluster_guess,last_modified,has_author,has_datePublished,has_dateModified,outbound_citations_count,has_unique_diagram,has_downloadable_asset,internal_links_out,internal_links_in,id,legacy_url
https://aimoaas.com/ja/resources/pseo/ai-audit-controls-e-164/,ai-audit-controls-e-164,"AI監査・統制の実務ガイド：ISO 42001, NIST AI RMF, EU AI Act対応観点","AI監査・統制の実務ガイド：ISO 42001, NIST AI RMF, EU AI Act対応観点","AI監査・統制の実務ガイド：ISO 42001, NIST AI RMF, EU AI Act対応観点","AIシステムの監査・統制実務を支援するガイド。ISO/IEC 42001, NIST AI RMF, EU AI Actといった主要なAI規制・標準に対する「対応の観点」を整理し、必要な証跡やログ、運用記録の準備を支援します。準拠保証ではなく、Evidence readinessを高めるための具体的なヒントを提供します。",https://aimoaas.com/ja/resources/pseo/ai-audit-controls-e-164/,"noindex,follow",ja,,548,pseo-article,ai-audit,,false,false,false,8,true,true,6,0,e-164,/ja/resources/pseo/e-164/
https://aimoaas.com/ja/resources/pseo/ai-audit-controls-e-170/,ai-audit-controls-e-170,"AI監査・統制の対応観点：ISO/IEC 42001, NIST AI RMF, EU AI Act","AI監査・統制の対応観点：ISO/IEC 42001, NIST AI RMF, EU AI Act","AI監査・統制の対応観点：ISO/IEC 42001, NIST AI RMF, EU AI Act",AIMOaaSが提供するAI監査・統制の「対応観点」を解説。ISO/IEC 42001、NIST AI RMF、EU AI Actといった主要規制・標準への対応を、証跡・運用面から整理する支援を提供します。準拠を観点の整理・支援であり、保証は行いませんものではなく、組織のEvidence readiness向上に貢献します。,https://aimoaas.com/ja/resources/pseo/ai-audit-controls-e-170/,"noindex,follow",ja,,508,pseo-article,ai-audit,,false,false,false,8,true,true,6,0,e-170,/ja/resources/pseo/e-170/
https://aimoaas.com/ja/resources/pseo/ai-audit-controls-evidence-pack-minimum/,ai-audit-controls-evidence-pack-minimum,AIMOaaS 監査・統制向け：証拠提出の最小要件とEvidence Bundle,AIMOaaS 監査・統制向け：証拠提出の最小要件とEvidence Bundle,AIMOaaS 監査・統制向け：証拠提出の最小要件とEvidence Bundle,AIMO Standardに基づき、監査や規制対応に必要なEvidence Bundleの構造、最小要件、よくある欠落と是正の観点を整理。効果的な証拠準備を支援します。,https://aimoaas.com/ja/resources/pseo/ai-audit-controls-evidence-pack-minimum/,"index,follow",ja,,613,pseo-article,evidence-pack,,false,false,false,2,true,true,6,0,evidence-pack-minimum,/ja/resources/pseo/evidence-pack-minimum/
https://aimoaas.com/ja/resources/pseo/ai-audit-controls-inventory-continuous-audit-workflow/,ai-audit-controls-inventory-continuous-audit-workflow,AI利用の継続監査フローと棚卸サイクル：効果的な統制実務,AI利用の継続監査フローと棚卸サイクル：効果的な統制実務,AI利用の継続監査フローと棚卸サイクル：効果的な統制実務,AI利用の申請から審査、更新、棚卸、そして継続的な監査フローまで、AIMOaaSが提供する実務観点を解説。効果的な統制と証跡整備のサイクルを確立し、規制・監査要請に対応するためのポイントを整理します。,https://aimoaas.com/ja/resources/pseo/ai-audit-controls-inventory-continuous-audit-workflow/,"index,follow",ja,,533,pseo-article,inventory-review,,false,false,false,2,true,true,6,0,continuous-audit-workflow,/ja/resources/pseo/continuous-audit-workflow/
https://aimoaas.com/ja/resources/pseo/ai-audit-evidence-pack-a-102/,ai-audit-evidence-pack-a-102,AI監査向け証拠パック・提出物目次と最小要件の観点,AI監査向け証拠パック・提出物目次と最小要件の観点,AI監査向け証拠パック・提出物目次と最小要件の観点,AIMOaaSは、AI監査・規制対応における証拠パック（Evidence Bundle）の提出物構成、目次、形式、保持期間に関する観点を提供。AIMO Standardに基づき、最小限の証拠で複数規制に対応するための整理を支援します。,https://aimoaas.com/ja/resources/pseo/ai-audit-evidence-pack-a-102/,"noindex,follow",ja,,613,pseo-article,evidence-pack,,false,false,false,2,true,true,6,0,a-102,/ja/resources/pseo/a-102/
https://aimoaas.com/ja/resources/pseo/ai-audit-monitoring-inventory-inventory-review-cycle/,ai-audit-monitoring-inventory-inventory-review-cycle,AI利用の棚卸・継続監査・定期レビュー実践ガイド,AI利用の棚卸・継続監査・定期レビュー実践ガイド,AI利用の棚卸・継続監査・定期レビュー実践ガイド,AI利用における申請から更新、棚卸、継続監査までの運用サイクルを詳細に解説。RACI、よくある欠落、監査質問と証跡の観点を整理し、統制強化とリスク管理を支援します。組織の特性に合わせた運用設計を支援するための具体的な指針を提供します。,https://aimoaas.com/ja/resources/pseo/ai-audit-monitoring-inventory-inventory-review-cycle/,"index,follow",ja,,573,pseo-article,inventory-review,,false,false,false,2,true,true,5,99,inventory-review-cycle,/ja/resources/pseo/inventory-review-cycle/
https://aimoaas.com/ja/resources/pseo/ai-governance-audit-evidence-controls-workflow-coverage-map/,ai-governance-audit-evidence-controls-workflow-coverage-map,"AI規制・標準対応Coverage Map: ISO 42001, NIST AI RMF, EU AI Act 観点","AI規制・標準対応Coverage Map: ISO 42001, NIST AI RMF, EU AI Act 観点","AI規制・標準対応Coverage Map: ISO 42001, NIST AI RMF, EU AI Act 観点",AIMOaaSのCoverage Mapは、ISO/IEC 42001、NIST AI RMF、EU AI Actといった主要なAI規制・標準への対応観点を整理し、Evidence readinessを支援します。準拠保証ではなく、監査・統制の実務における観点整理に焦点を当てています。,https://aimoaas.com/ja/resources/pseo/ai-governance-audit-evidence-controls-workflow-coverage-map/,"noindex,follow",ja,,498,pseo-article,coverage-map,,false,false,false,8,true,true,6,0,coverage-map,/ja/resources/pseo/coverage-map/
https://aimoaas.com/ja/resources/pseo/evidence-pack-ai-audit-a-112/,evidence-pack-ai-audit-a-112,AIMOaaSの監査提出物：Evidence Packの形式と構成観点,AIMOaaSの監査提出物：Evidence Packの形式と構成観点,AIMOaaSの監査提出物：Evidence Packの形式と構成観点,AIMOaaSは、AIシステムの監査提出物であるEvidence Packの形式と構成に関する観点をAIMO Standardに基づき整理。規制や監査方針に合わせた証跡の準備を支援し、適切な情報管理と提出を促します。監査の効率化と品質向上に貢献するガイダンスを提供します。,https://aimoaas.com/ja/resources/pseo/evidence-pack-ai-audit-a-112/,"noindex,follow",ja,,640,pseo-article,evidence-pack,,false,false,false,2,true,true,6,0,a-112,/ja/resources/pseo/a-112/
https://aimoaas.com/ja/resources/pseo/evidence-pack-ai-audit-controls-a-110/,evidence-pack-ai-audit-controls-a-110,AIMOaaS 監査・統制実務：証拠パック提出物と目次ガイド,AIMOaaS 監査・統制実務：証拠パック提出物と目次ガイド,AIMOaaS 監査・統制実務：証拠パック提出物と目次ガイド,AIMO Standardに基づく監査・統制向け証拠パック提出物の構造、目次、形式、保持期間に関する観点を整理し、実務的な指針を提供。効率的な証跡準備を通じて、監査対応の確実性を高め、規制遵守とリスク軽減を支援します。,https://aimoaas.com/ja/resources/pseo/evidence-pack-ai-audit-controls-a-110/,"noindex,follow",ja,,611,pseo-article,evidence-pack,,false,false,false,2,true,true,6,0,a-110,/ja/resources/pseo/a-110/
https://aimoaas.com/ja/resources/pseo/evidence-pack-ai-audit-controls-a-114/,evidence-pack-ai-audit-controls-a-114,AIMOaaS 監査・統制実務：証拠パックと提出物、目次の観点整理,AIMOaaS 監査・統制実務：証拠パックと提出物、目次の観点整理,AIMOaaS 監査・統制実務：証拠パックと提出物、目次の観点整理,AIMO Standardに基づいたEvidence Bundleの構造を解説。監査・規制対応に向けた証拠パックの目次、形式、最小要件、よくある欠落と是正の観点を整理します。提出物の効率的な準備を支援し、様々な監査要求に柔軟に対応するためのフレームワークを提供します。,https://aimoaas.com/ja/resources/pseo/evidence-pack-ai-audit-controls-a-114/,"noindex,follow",ja,,611,pseo-article,evidence-pack,,false,false,false,2,true,true,6,0,a-114,/ja/resources/pseo/a-114/
https://aimoaas.com/ja/resources/pseo/evidence-pack-ai-audit-controls-evidence-gaps-remediation/,evidence-pack-ai-audit-controls-evidence-gaps-remediation,AIMOaaS 監査・統制のためのEvidence Pack構成と欠落対策ガイド,AIMOaaS 監査・統制のためのEvidence Pack構成と欠落対策ガイド,AIMOaaS 監査・統制のためのEvidence Pack構成と欠落対策ガイド,AIMO Standardに基づくEvidence BundleとPackの構造を解説。監査指摘対策として証跡のギャップを埋めるための観点、提出物の形式、よくある欠落と是正策を整理し、監査準備を支援します。,https://aimoaas.com/ja/resources/pseo/evidence-pack-ai-audit-controls-evidence-gaps-remediation/,"index,follow",ja,,640,pseo-article,evidence-pack,,false,false,false,2,true,true,6,0,evidence-gaps-remediation,/ja/resources/pseo/evidence-gaps-remediation/
https://aimoaas.com/ja/resources/pseo/evidence-pack-ai-audit-evidence-pack/,evidence-pack-ai-audit-evidence-pack,AIMOaaS監査のためのEvidence Packと証拠バンドル構築ガイド,AIMOaaS監査のためのEvidence Packと証拠バンドル構築ガイド,AIMOaaS監査のためのEvidence Packと証拠バンドル構築ガイド,AIMOaaSにおける監査提出物「Evidence Pack」の構成と証跡目次の作成方法を解説。AIMO Standardに基づき、証拠バンドルの最小構成、形式、保持期間、よくある欠落と是正の観点を提供し、規制・監査対応の実務を支援します。,https://aimoaas.com/ja/resources/pseo/evidence-pack-ai-audit-evidence-pack/,"index,follow",ja,,611,pseo-article,evidence-pack,,false,false,false,2,true,true,6,0,evidence-pack,/ja/resources/pseo/evidence-pack/
https://aimoaas.com/ja/resources/pseo/evidence-pack-evidence-readiness-ai-audit-evidence-pack-formats/,evidence-pack-evidence-readiness-ai-audit-evidence-pack-formats,AIMOaaS Evidence Pack 形式と監査提出物の整備観点,AIMOaaS Evidence Pack 形式と監査提出物の整備観点,AIMOaaS Evidence Pack 形式と監査提出物の整備観点,AIMO Standardに基づくEvidence Packの構成、証跡提出物の形式、保持期間、目次、よくある欠落と是正の観点を解説します。監査・規制対応の準備を支援し、組織の証拠基盤整備の一助となる情報を提供します。,https://aimoaas.com/ja/resources/pseo/evidence-pack-evidence-readiness-ai-audit-evidence-pack-formats/,"index,follow",ja,,611,pseo-article,evidence-pack,,false,false,false,2,true,true,6,0,evidence-pack-formats,/ja/resources/pseo/evidence-pack-formats/
https://aimoaas.com/ja/resources/pseo/evidence-pack-evidence-readiness-proof-assurance-a-101/,evidence-pack-evidence-readiness-proof-assurance-a-101,AIMOaaS 監査・統制 実務: Evidence Packと証跡整備の観点,AIMOaaS 監査・統制 実務: Evidence Packと証跡整備の観点,AIMOaaS 監査・統制 実務: Evidence Packと証跡整備の観点,AIMOaaSにおける監査・統制の実務を支援。AIMO Standardに基づくEvidence Packの構成要点を解説し、証跡の提出形式、保持期間、よくある欠落と是正の観点を整理。規制対応と効果的な監査準備を支援します。,https://aimoaas.com/ja/resources/pseo/evidence-pack-evidence-readiness-proof-assurance-a-101/,"noindex,follow",ja,,611,pseo-article,proof-vs-assurance,,false,false,false,2,true,true,6,0,a-101,/ja/resources/pseo/a-101/
https://aimoaas.com/ja/resources/pseo/evidence-pack-proof-assurance-boundary-ai-a-105/,evidence-pack-proof-assurance-boundary-ai-a-105,AIMO Standardに準拠する監査証跡：Evidence Pack実務ガイド,AIMO Standardに準拠する監査証跡：Evidence Pack実務ガイド,AIMO Standardに準拠する監査証跡：Evidence Pack実務ガイド,AIMO Standardを基盤とした監査証跡（Evidence Pack）の構成、目次、形式、保持期間に関する実践的な観点を提供します。効率的な証跡収集と監査準備を支援し、複数規制への対応を可能にするための「最小証拠のまとまり」を整理します。準拠保証ではなく、あくまで整備支援のための情報です。,https://aimoaas.com/ja/resources/pseo/evidence-pack-proof-assurance-boundary-ai-a-105/,"noindex,follow",ja,,640,pseo-article,proof-vs-assurance,,false,false,false,2,true,true,6,0,a-105,/ja/resources/pseo/a-105/
https://aimoaas.com/ja/resources/pseo/evidence-pack-proof-assurance-boundary-ai-a-108/,evidence-pack-proof-assurance-boundary-ai-a-108,AIMOaaS 監査提出物: 証跡の形式とEvidence Pack構成の観点,AIMOaaS 監査提出物: 証跡の形式とEvidence Pack構成の観点,AIMOaaS 監査提出物: 証跡の形式とEvidence Pack構成の観点,AIMO Standardに基づく監査提出物「Evidence Pack」の構成と、証跡の形式、保持期間に関する観点を解説。複数規制・監査に対応する最小証拠のまとまりを整理し、効果的な監査準備を支援します。,https://aimoaas.com/ja/resources/pseo/evidence-pack-proof-assurance-boundary-ai-a-108/,"noindex,follow",ja,,611,pseo-article,proof-vs-assurance,,false,false,false,2,true,true,6,0,a-108,/ja/resources/pseo/a-108/
https://aimoaas.com/ja/resources/pseo/evidence-pack-proof-assurance-boundary-ai-a-109/,evidence-pack-proof-assurance-boundary-ai-a-109,AIMO Standard準拠：監査・統制 Evidence Packの構成と証跡実務,AIMO Standard準拠：監査・統制 Evidence Packの構成と証跡実務,AIMO Standard準拠：監査・統制 Evidence Packの構成と証跡実務,AIMO Standardに基づき、AI監査・統制におけるEvidence Packの構造と証跡実務を解説します。最小構成の観点、目次、形式、保持期間、よくある欠落と是正策を整理し、複数規制・監査に対応可能な証拠基盤構築を支援。申請や監査対応の不安を解消します。,https://aimoaas.com/ja/resources/pseo/evidence-pack-proof-assurance-boundary-ai-a-109/,"noindex,follow",ja,,640,pseo-article,proof-vs-assurance,,false,false,false,2,true,true,6,0,a-109,/ja/resources/pseo/a-109/
https://aimoaas.com/ja/resources/pseo/evidence-pack-proof-assurance-boundary-ai-evidence-pack-index/,evidence-pack-proof-assurance-boundary-ai-evidence-pack-index,AIMOaaS 監査・統制実務：証跡目次とEvidence Pack構成の観点整理,AIMOaaS 監査・統制実務：証跡目次とEvidence Pack構成の観点整理,AIMOaaS 監査・統制実務：証跡目次とEvidence Pack構成の観点整理,AIMO Standardに準拠したEvidence Packの構成、証跡目次、提出形式、最小要件の観点を解説。監査・統制実務における証拠準備の課題に対応し、よくある欠落と是正策を提示。規制・監査範囲に応じた柔軟な対応を支援するフレームワークです。,https://aimoaas.com/ja/resources/pseo/evidence-pack-proof-assurance-boundary-ai-evidence-pack-index/,"index,follow",ja,,640,pseo-article,proof-vs-assurance,,false,false,false,2,true,true,6,0,evidence-pack-index,/ja/resources/pseo/evidence-pack-index/
https://aimoaas.com/ja/resources/pseo/evidence-pack-proof-assurance-boundary-evidence-a-113/,evidence-pack-proof-assurance-boundary-evidence-a-113,AIMOaaS 監査・統制向け証跡 Evidence Pack 整備ガイド,AIMOaaS 監査・統制向け証跡 Evidence Pack 整備ガイド,AIMOaaS 監査・統制向け証跡 Evidence Pack 整備ガイド,AIMO Standard に基づく監査・統制におけるEvidence Packの構成と要件を整理。組織のリスクと規制に応じた証拠提出物の準備を支援する観点を提供します。,https://aimoaas.com/ja/resources/pseo/evidence-pack-proof-assurance-boundary-evidence-a-113/,"noindex,follow",ja,,640,pseo-article,proof-vs-assurance,,false,false,false,2,true,true,6,0,a-113,/ja/resources/pseo/a-113/
https://aimoaas.com/ja/resources/pseo/evidence-readiness-intake-review-approve-proof-c-134/,evidence-readiness-intake-review-approve-proof-c-134,AI運用ワークフローにおける申請・承認・監査とHuman-in-the-Loop証跡整備,AI運用ワークフローにおける申請・承認・監査とHuman-in-the-Loop証跡整備,AI運用ワークフローにおける申請・承認・監査とHuman-in-the-Loop証跡整備,AI利用の申請から審査、承認、更新、そして継続的な棚卸と監査に至る一連の運用ワークフローを整理。Human-in-the-Loopを組み込み、必要な証跡の観点やRACI、よくある欠落と是正策を解説し、監査対応を支援します。,https://aimoaas.com/ja/resources/pseo/evidence-readiness-intake-review-approve-proof-c-134/,"noindex,follow",ja,,533,pseo-article,intake-review-approve,,false,false,false,2,true,true,6,0,c-134,/ja/resources/pseo/c-134/
https://aimoaas.com/ja/resources/pseo/evidence-readiness-proof-assurance-boundary-ai-c-133/,evidence-readiness-proof-assurance-boundary-ai-c-133,AI利用の運用フロー、ポリシー更新、監査証跡整備の観点,AI利用の運用フロー、ポリシー更新、監査証跡整備の観点,AI利用の運用フロー、ポリシー更新、監査証跡整備の観点,AIサービスの安全な運用を支える申請・審査・例外・更新フロー、RACI、継続監査の観点と必要証跡を整理。ポリシー更新や棚卸サイクルを含め、監査対応の不安を軽減します。,https://aimoaas.com/ja/resources/pseo/evidence-readiness-proof-assurance-boundary-ai-c-133/,"noindex,follow",ja,,573,pseo-article,proof-vs-assurance,,false,false,false,2,true,true,6,0,c-133,/ja/resources/pseo/c-133/
https://aimoaas.com/ja/resources/pseo/evidence-readiness-proof-assurance-boundary-ai-e-161/,evidence-readiness-proof-assurance-boundary-ai-e-161,"AI監査・統制実務ガイド: ISO/IEC 42001, NIST AI RMF, EU AI Act対応観点と証跡整備","AI監査・統制実務ガイド: ISO/IEC 42001, NIST AI RMF, EU AI Act対応観点と証跡整備","AI監査・統制実務ガイド: ISO/IEC 42001, NIST AI RMF, EU AI Act対応観点と証跡整備","AIMOaaSが提供するAI監査・統制の実務ページ。ISO/IEC 42001, NIST AI RMF, EU AI Actへの対応観点を整理し、必要な証跡と運用の整備を支援します。準拠保証ではなく、Evidence readinessのためのフレームワーク活用を解説。",https://aimoaas.com/ja/resources/pseo/evidence-readiness-proof-assurance-boundary-ai-e-161/,"noindex,follow",ja,,508,pseo-article,proof-vs-assurance,,false,false,false,8,true,true,6,0,e-161,/ja/resources/pseo/e-161/
https://aimoaas.com/ja/resources/pseo/evidence-readiness-proof-assurance-boundary-ai-e-162/,evidence-readiness-proof-assurance-boundary-ai-e-162,AIMOaaS: AI規制対応のCoverage MapとISMS監査・証跡整備,AIMOaaS: AI規制対応のCoverage MapとISMS監査・証跡整備,AIMOaaS: AI規制対応のCoverage MapとISMS監査・証跡整備,AIMOaaSが提供するAI規制対応Coverage Mapは、ISO/IEC 42001、NIST AI RMF、EU AI Actの対応観点を整理。準拠保証ではなく、Evidence readinessを支援し、効果的なAIガバナンス監査準備をサポートします。,https://aimoaas.com/ja/resources/pseo/evidence-readiness-proof-assurance-boundary-ai-e-162/,"noindex,follow",ja,,548,pseo-article,proof-vs-assurance,,false,false,false,8,true,true,6,0,e-162,/ja/resources/pseo/e-162/
https://aimoaas.com/ja/resources/pseo/evidence-readiness-proof-assurance-boundary-ai-e-175/,evidence-readiness-proof-assurance-boundary-ai-e-175,AIマネジメント監査・規制対応の証跡整備観点,AIマネジメント監査・規制対応の証跡整備観点 | AIMOaaS,AIマネジメント監査・規制対応の証跡整備観点,ISO/IEC 42001、NIST AI RMF、EU AI Actへの対応に向けたAIマネジメントの監査・統制に関する証跡整備の観点をご紹介。準拠保証ではなく、組織の適合性評価準備を支援します。,https://aimoaas.com/ja/resources/pseo/evidence-readiness-proof-assurance-boundary-ai-e-175/,"noindex,follow",ja,,548,pseo-article,proof-vs-assurance,,false,false,false,8,true,true,6,0,e-175,/ja/resources/pseo/e-175/
https://aimoaas.com/ja/resources/pseo/evidence-readiness-proof-assurance-boundary-ai-minimum-evidence-shadow-ai/,evidence-readiness-proof-assurance-boundary-ai-minimum-evidence-shadow-ai,シャドーAI・個人利用AIの証跡整備：監査対応の最小要件とチェックリスト,シャドーAI・個人利用AIの証跡整備：監査対応の最小要件とチェックリスト,シャドーAI・個人利用AIの証跡整備：監査対応の最小要件とチェックリスト,シャドーAIや個人利用AIの監査・統制に不可欠な証跡要件を解説。ログ記録、運用記録、頻度、監査質問への対応、欠落是正観点を網羅した実践的なガイドです。,https://aimoaas.com/ja/resources/pseo/evidence-readiness-proof-assurance-boundary-ai-minimum-evidence-shadow-ai/,"index,follow",ja,,549,pseo-article,proof-vs-assurance,,false,false,false,2,true,true,6,0,minimum-evidence-shadow-ai,/ja/resources/pseo/minimum-evidence-shadow-ai/
https://aimoaas.com/ja/resources/pseo/intake-review-approve-ai-audit-controls-c-131/,intake-review-approve-ai-audit-controls-c-131,AI利用の申請・審査・例外・更新・監査ワークフローと統制の実務,AI利用の申請・審査・例外・更新・監査ワークフローと統制の実務,AI利用の申請・審査・例外・更新・監査ワークフローと統制の実務,AI利用における申請から審査、例外処理、更新、棚卸、継続監査までの一連のワークフローを解説。RACIモデル、必要な証跡管理、よくある欠落と是正の観点、監査対応に役立つ質問と証跡の対応表を提供し、組織のAI統制強化を支援します。,https://aimoaas.com/ja/resources/pseo/intake-review-approve-ai-audit-controls-c-131/,"noindex,follow",ja,,548,pseo-article,intake-review-approve,,false,false,false,2,true,true,6,0,c-131,/ja/resources/pseo/c-131/
https://aimoaas.com/ja/resources/pseo/intake-review-approve-ai-audit-controls-c-139/,intake-review-approve-ai-audit-controls-c-139,AIMOaaS監査・統制の実践：申請・審査・例外・更新・継続監査,AIMOaaS監査・統制の実践：申請・審査・例外・更新・継続監査,AIMOaaS監査・統制の実践：申請・審査・例外・更新・継続監査,AIMOaaSにおけるAI利用の申請から審査、例外処理、更新、棚卸、継続監査までの運用ワークフローを解説。RACI、棚卸サイクル、監査での指摘観点、質問と必要証跡の対応表を提示し、実務的なAIガバナンスと効果的な監査対応を支援します。,https://aimoaas.com/ja/resources/pseo/intake-review-approve-ai-audit-controls-c-139/,"noindex,follow",ja,,548,pseo-article,intake-review-approve,,false,false,false,2,true,true,6,0,c-139,/ja/resources/pseo/c-139/
https://aimoaas.com/ja/resources/pseo/intake-review-approve-ai-audit-controls-request-review-exception/,intake-review-approve-ai-audit-controls-request-review-exception,AI利用申請・審査・例外承認：監査・統制の実務ワークフロー,AI利用申請・審査・例外承認：監査・統制の実務ワークフロー,AI利用申請・審査・例外承認：監査・統制の実務ワークフロー,AI利用の申請から審査、例外承認、継続監査までの運用ワークフローを具体的に解説。RACI、棚卸、必要証跡の観点整理を通じて、組織のAI統制強化と監査対応を支援します。,https://aimoaas.com/ja/resources/pseo/intake-review-approve-ai-audit-controls-request-review-exception/,"index,follow",ja,,544,pseo-article,intake-review-approve,,false,false,false,2,true,true,5,99,request-review-exception,/ja/resources/pseo/request-review-exception/
https://aimoaas.com/ja/resources/pseo/intake-review-approve-ai-audit-exceptions-c-135/,intake-review-approve-ai-audit-exceptions-c-135,AIMOaaS: AI活用ワークフロー—申請・審査・例外・更新・継続監査,AIMOaaS: AI活用ワークフロー—申請・審査・例外・更新・継続監査,AIMOaaS: AI活用ワークフロー—申請・審査・例外・更新・継続監査,AI活用における申請から審査、例外承認、更新、棚卸、継続監査までの一貫した運用ワークフローを解説。RACI、証跡管理、監査対応の観点を提供し、組織のAI統制強化と効率的なガバナンス構築を支援します。,https://aimoaas.com/ja/resources/pseo/intake-review-approve-ai-audit-exceptions-c-135/,"noindex,follow",ja,,548,pseo-article,intake-review-approve,,false,false,false,2,true,true,6,0,c-135,/ja/resources/pseo/c-135/
https://aimoaas.com/ja/resources/pseo/intake-review-approve-ai-audit-exceptions-c-143/,intake-review-approve-ai-audit-exceptions-c-143,AI利用の申請・審査・例外・更新と継続監査ワークフローの実践,AI利用の申請・審査・例外・更新と継続監査ワークフローの実践,AI利用の申請・審査・例外・更新と継続監査ワークフローの実践,AI利用における申請から審査、例外、更新、棚卸、継続監査までの一連の運用ワークフローを詳細に解説。RACIモデルや監査で問われる質問、必要な証跡の観点を整理し、AIガバナンス強化と規制要件対応を支援します。,https://aimoaas.com/ja/resources/pseo/intake-review-approve-ai-audit-exceptions-c-143/,"noindex,follow",ja,,544,pseo-article,intake-review-approve,,false,false,false,2,true,true,6,0,c-143,/ja/resources/pseo/c-143/
https://aimoaas.com/ja/resources/pseo/intake-review-approve-ai-audit-inventory-operating-workflow-renewal/,intake-review-approve-ai-audit-inventory-operating-workflow-renewal,AIポリシーの申請・審査・更新フローと継続監査・棚卸の観点,AIポリシーの申請・審査・更新フローと継続監査・棚卸の観点,AIポリシーの申請・審査・更新フローと継続監査・棚卸の観点,AI利用ポリシーの申請、審査、例外承認、更新、継続監査、棚卸の運用ワークフローを体系的に解説。RACI、証跡、監査対応の観点を整理し、効果的な統制実務を支援します。,https://aimoaas.com/ja/resources/pseo/intake-review-approve-ai-audit-inventory-operating-workflow-renewal/,"index,follow",ja,,544,pseo-article,intake-review-approve,,false,false,false,2,true,true,6,0,operating-workflow-renewal,/ja/resources/pseo/operating-workflow-renewal/
https://aimoaas.com/ja/resources/pseo/proof-assurance-boundary-ai-audit-a-107/,proof-assurance-boundary-ai-audit-a-107,監査証跡バンドルの最小要件：AIMO Standardに基づく構成ガイド,監査証跡バンドルの最小要件：AIMO Standardに基づく構成ガイド,監査証跡バンドルの最小要件：AIMO Standardに基づく構成ガイド,AIMO Standardに基づき、監査・規制対応のための証跡バンドル構成と最小要件を解説。効果的な証跡収集と管理の観点を提供し、効率的な監査準備を支援します。,https://aimoaas.com/ja/resources/pseo/proof-assurance-boundary-ai-audit-a-107/,"noindex,follow",ja,,653,pseo-article,proof-vs-assurance,,false,false,false,2,true,true,6,0,a-107,/ja/resources/pseo/a-107/
https://aimoaas.com/ja/resources/pseo/proof-assurance-boundary-ai-audit-a-111/,proof-assurance-boundary-ai-audit-a-111,AIMO Standardに準拠する証跡バンドル：監査の最小要件と実践ガイド,AIMO Standardに準拠する証跡バンドル：監査の最小要件と実践ガイド,AIMO Standardに準拠する証跡バンドル：監査の最小要件と実践ガイド,AIMO Standardに基づく証跡バンドル構造と監査・統制の最小要件を解説。提出物の目次、形式、保持期間に関する観点整理を通じて、複雑な監査準備を支援。保証ではなく、効果的な証跡管理の指針を提供します。,https://aimoaas.com/ja/resources/pseo/proof-assurance-boundary-ai-audit-a-111/,"noindex,follow",ja,,613,pseo-article,proof-vs-assurance,,false,false,false,2,true,true,6,0,a-111,/ja/resources/pseo/a-111/
https://aimoaas.com/ja/resources/pseo/proof-assurance-boundary-ai-audit-a-115/,proof-assurance-boundary-ai-audit-a-115,AIMOaaS 監査証跡バンドルと最小要件：実践的ガイドライン,AIMOaaS 監査証跡バンドルと最小要件：実践的ガイドライン,AIMOaaS 監査証跡バンドルと最小要件：実践的ガイドライン,AIMOaaSの監査・統制実務向けに、AIMO Standardに基づく証跡バンドルと最小要件を解説。効果的な監査対応のための証跡構成、形式、保持期間、よくある欠落と是正の観点を整理します。準拠保証ではなく、実践的な指針を提供します。,https://aimoaas.com/ja/resources/pseo/proof-assurance-boundary-ai-audit-a-115/,"noindex,follow",ja,,613,pseo-article,proof-vs-assurance,,false,false,false,2,true,true,6,0,a-115,/ja/resources/pseo/a-115/
https://aimoaas.com/ja/resources/pseo/proof-assurance-boundary-ai-audit-controls-a-103/,proof-assurance-boundary-ai-audit-controls-a-103,AIMOaaS 監査・統制のための証跡バンドル最小要件ガイド,AIMOaaS 監査・統制のための証跡バンドル最小要件ガイド,AIMOaaS 監査・統制のための証跡バンドル最小要件ガイド,AIMO Standardに基づく監査証跡バンドル（Evidence Bundle）の構造、最小要件、形式、保持期間に関する観点を整理。効果的な証拠提出を支援し、監査・規制対応の基盤を提供します。,https://aimoaas.com/ja/resources/pseo/proof-assurance-boundary-ai-audit-controls-a-103/,"noindex,follow",ja,,613,pseo-article,proof-vs-assurance,,false,false,false,2,true,true,6,0,a-103,/ja/resources/pseo/a-103/
https://aimoaas.com/ja/resources/pseo/proof-assurance-boundary-ai-audit-controls-b-116/,proof-assurance-boundary-ai-audit-controls-b-116,AI監査と統制のための最小証拠要件・証跡整理ガイド,AI監査と統制のための最小証拠要件・証跡整理ガイド,AI監査と統制のための最小証拠要件・証跡整理ガイド,AIMOaaSにおけるAI監査・統制の実践ガイド。最小証拠要件、必要証跡、頻度、シャドーAI対策まで、実務で役立つ観点整理を提供し、効果的な証跡整備を支援します。,https://aimoaas.com/ja/resources/pseo/proof-assurance-boundary-ai-audit-controls-b-116/,"noindex,follow",ja,,589,pseo-article,proof-vs-assurance,,false,false,false,2,true,true,6,0,b-116,/ja/resources/pseo/b-116/
https://aimoaas.com/ja/resources/pseo/proof-assurance-boundary-ai-audit-controls-b-117/,proof-assurance-boundary-ai-audit-controls-b-117,AI統制と監査：証拠要件、証跡、頻度を整理する実務ガイド,AI統制と監査：証拠要件、証跡、頻度を整理する実務ガイド,AI統制と監査：証拠要件、証跡、頻度を整理する実務ガイド,AIシステムにおける監査・統制の実務を支援するページです。統制項目ごとの最小証拠要件、必要証跡、取得頻度を整理し、シャドーAI対策から監査指摘の防止まで、具体的な観点を提供します。組織のリスクと規制に応じた効果的な証跡管理を支援し、監査対応の準備を効率化します。,https://aimoaas.com/ja/resources/pseo/proof-assurance-boundary-ai-audit-controls-b-117/,"noindex,follow",ja,,549,pseo-article,proof-vs-assurance,,false,false,false,2,true,true,6,0,b-117,/ja/resources/pseo/b-117/
https://aimoaas.com/ja/resources/pseo/proof-assurance-boundary-ai-audit-controls-b-118/,proof-assurance-boundary-ai-audit-controls-b-118,AI監査・統制実務：シャドーAIからログ・証跡まで網羅するガイド,AI監査・統制実務：シャドーAIからログ・証跡まで網羅するガイド,AI監査・統制実務：シャドーAIからログ・証跡まで網羅するガイド,AI統制と監査に必要な証跡、ログ、運用記録の観点を整理。シャドーAI対策、個人利用AIの管理、監査時の質問への対応策、よくある欠落と是正のポイント、Evidence Packのテンプレートまで、実務的なフレームワークを提供します。本ページは保証ではなく、あくまで整備支援のための情報提供です。,https://aimoaas.com/ja/resources/pseo/proof-assurance-boundary-ai-audit-controls-b-118/,"noindex,follow",ja,,589,pseo-article,proof-vs-assurance,,false,false,false,2,true,true,6,0,b-118,/ja/resources/pseo/b-118/
https://aimoaas.com/ja/resources/pseo/proof-assurance-boundary-ai-audit-controls-b-119/,proof-assurance-boundary-ai-audit-controls-b-119,AIMOaaS 監査・統制の実務：必要証跡と質問・是正の観点,AIMOaaS 監査・統制の実務：必要証跡と質問・是正の観点,AIMOaaS 監査・統制の実務：必要証跡と質問・是正の観点,AIMOaaSにおける監査・統制の実務ガイド。内部監査で求められる最小証拠要件、必要証跡、頻度、シャドーAI対策のチェックリストを整理。監査質問と証跡の対応、よくある欠落と是正の観点、Evidence Packテンプレートを提供し、組織のAIガバナンス強化を支援します。規制や契約、監査方針に応じた運用を推奨します。,https://aimoaas.com/ja/resources/pseo/proof-assurance-boundary-ai-audit-controls-b-119/,"noindex,follow",ja,,549,pseo-article,proof-vs-assurance,,false,false,false,2,true,true,6,0,b-119,/ja/resources/pseo/b-119/
https://aimoaas.com/ja/resources/pseo/proof-assurance-boundary-ai-audit-controls-b-120/,proof-assurance-boundary-ai-audit-controls-b-120,AI統制の監査と証跡：最小証拠要件とシャドーAI対策ガイドライン,AI統制の監査と証跡：最小証拠要件とシャドーAI対策ガイドライン,AI統制の監査と証跡：最小証拠要件とシャドーAI対策ガイドライン,AIシステムの監査・統制に必要な最小証拠要件と証跡を解説。シャドーAI対策、統制項目、監査質問、よくある欠落と是正、Evidence Packの観点を提供。組織のリスクと規制に応じた効果的な準備を支援します。,https://aimoaas.com/ja/resources/pseo/proof-assurance-boundary-ai-audit-controls-b-120/,"noindex,follow",ja,,549,pseo-article,proof-vs-assurance,,false,false,false,2,true,true,6,0,b-120,/ja/resources/pseo/b-120/
https://aimoaas.com/ja/resources/pseo/proof-assurance-boundary-ai-audit-controls-b-121/,proof-assurance-boundary-ai-audit-controls-b-121,AI監査・統制の実践：証拠要件、頻度、証跡管理のガイド,AI監査・統制の実践：証拠要件、頻度、証跡管理のガイド,AI監査・統制の実践：証拠要件、頻度、証跡管理のガイド,AIシステムの監査と統制に必要な証拠要件、必要証跡、記録の観点と取得頻度を整理する実践ガイドです。シャドーAI対策から提出物テンプレートまで、網羅的な整備を支援します。,https://aimoaas.com/ja/resources/pseo/proof-assurance-boundary-ai-audit-controls-b-121/,"noindex,follow",ja,,589,pseo-article,proof-vs-assurance,,false,false,false,2,true,true,6,0,b-121,/ja/resources/pseo/b-121/
https://aimoaas.com/ja/resources/pseo/proof-assurance-boundary-ai-audit-controls-b-123/,proof-assurance-boundary-ai-audit-controls-b-123,AI利用の内部監査・統制実務：質問、必要証拠、証跡の管理ガイド,AI利用の内部監査・統制実務：質問、必要証拠、証跡の管理ガイド,AI利用の内部監査・統制実務：質問、必要証拠、証跡の管理ガイド,AIガバナンスにおける内部監査、統制、シャドーAI対策の実務ガイド。必要な証跡、監査質問への対応、よくある欠落と是正策を整理し、証拠管理の観点を提供します。組織のリスクと規制に応じた柔軟な対応を支援します。,https://aimoaas.com/ja/resources/pseo/proof-assurance-boundary-ai-audit-controls-b-123/,"noindex,follow",ja,,589,pseo-article,proof-vs-assurance,,false,false,false,2,true,true,6,0,b-123,/ja/resources/pseo/b-123/
https://aimoaas.com/ja/resources/pseo/proof-assurance-boundary-ai-audit-controls-b-124/,proof-assurance-boundary-ai-audit-controls-b-124,AIMOaaS 監査・統制 最小証拠と証跡管理 実践ガイド,AIMOaaS 監査・統制 最小証拠と証跡管理 実践ガイド,AIMOaaS 監査・統制 最小証拠と証跡管理 実践ガイド,AIMOaaS環境の監査・統制実務向けに、最小証拠要件、必要証跡、頻度を網羅したガイド。シャドーAI対策から監査質問、是正観点、証跡テンプレートまで、効果的な証跡管理を支援する観点を提供します。,https://aimoaas.com/ja/resources/pseo/proof-assurance-boundary-ai-audit-controls-b-124/,"noindex,follow",ja,,549,pseo-article,proof-vs-assurance,,false,false,false,2,true,true,6,0,b-124,/ja/resources/pseo/b-124/
https://aimoaas.com/ja/resources/pseo/proof-assurance-boundary-ai-audit-controls-b-125/,proof-assurance-boundary-ai-audit-controls-b-125,AI利用の監査・統制実務：証拠要件、証跡、頻度を徹底解説,AI利用の監査・統制実務：証拠要件、証跡、頻度を徹底解説,AI利用の監査・統制実務：証拠要件、証跡、頻度を徹底解説,AIガバナンスにおける監査証跡の準備と統制の確立を支援します。最小証拠要件、シャドーAI対策、監査対応、提出物テンプレートまで、AI利用の透明性と信頼性を高めるための実務的な観点を整理。頻度や証跡の具体例を通じて、組織のリスクと規制に応じた体制構築をサポートします。,https://aimoaas.com/ja/resources/pseo/proof-assurance-boundary-ai-audit-controls-b-125/,"noindex,follow",ja,,589,pseo-article,proof-vs-assurance,,false,false,false,2,true,true,6,0,b-125,/ja/resources/pseo/b-125/
https://aimoaas.com/ja/resources/pseo/proof-assurance-boundary-ai-audit-controls-b-126/,proof-assurance-boundary-ai-audit-controls-b-126,AI利用の監査・統制実務：シャドーAI対策と証跡・ログ管理の観点,AI利用の監査・統制実務：シャドーAI対策と証跡・ログ管理の観点,AI利用の監査・統制実務：シャドーAI対策と証跡・ログ管理の観点,AI利用における監査・統制の実務を支援するページです。シャドーAI対策、ログ収集、必要証跡の特定、取得頻度、そして監査対応の観点を整理。統制項目、証跡、運用記録の対応表や、監査で問われる質問と必要な証跡、よくある欠落と是正策を具体的なテンプレートと共に解説し、組織のリスク管理強化をサポートします。,https://aimoaas.com/ja/resources/pseo/proof-assurance-boundary-ai-audit-controls-b-126/,"noindex,follow",ja,,549,pseo-article,proof-vs-assurance,,false,false,false,2,true,true,6,0,b-126,/ja/resources/pseo/b-126/
https://aimoaas.com/ja/resources/pseo/proof-assurance-boundary-ai-audit-controls-b-127/,proof-assurance-boundary-ai-audit-controls-b-127,AIMOaaS監査・統制実務：証跡、質問、欠落と是正の観点,AIMOaaS監査・統制実務：証跡、質問、欠落と是正の観点,AIMOaaS監査・統制実務：証跡、質問、欠落と是正の観点,AIMOaaS利用における監査・統制の実務を支援。最小証拠要件、シャドーAI対策の証跡チェックリスト、監査質問、欠落と是正の観点を提示し、AIガバナンス構築を支援します。保証表現は避け、観点整理に重点を置きます。,https://aimoaas.com/ja/resources/pseo/proof-assurance-boundary-ai-audit-controls-b-127/,"noindex,follow",ja,,589,pseo-article,proof-vs-assurance,,false,false,false,2,true,true,6,0,b-127,/ja/resources/pseo/b-127/
https://aimoaas.com/ja/resources/pseo/proof-assurance-boundary-ai-audit-controls-b-128/,proof-assurance-boundary-ai-audit-controls-b-128,AIMOaaS 監査・統制実務：最小証拠要件と証跡管理の観点,AIMOaaS 監査・統制実務：最小証拠要件と証跡管理の観点,AIMOaaS 監査・統制実務：最小証拠要件と証跡管理の観点,本ページでは、AIMOaaSにおける監査・統制の実践に必要な最小証拠要件を解説します。統制項目、必要証跡、ログ/運用記録、頻度を整理し、シャドーAI対策チェックリストや監査での質問と証跡の対応観点を提供。貴社の監査準備と証跡管理を支援します。,https://aimoaas.com/ja/resources/pseo/proof-assurance-boundary-ai-audit-controls-b-128/,"noindex,follow",ja,,549,pseo-article,proof-vs-assurance,,false,false,false,2,true,true,6,0,b-128,/ja/resources/pseo/b-128/
https://aimoaas.com/ja/resources/pseo/proof-assurance-boundary-ai-audit-controls-b-129/,proof-assurance-boundary-ai-audit-controls-b-129,AIMOaaS監査・統制の証拠要件と証跡管理実務ガイド,AIMOaaS監査・統制の証拠要件と証跡管理実務ガイド,AIMOaaS監査・統制の証拠要件と証跡管理実務ガイド,AIMOaaSのAI監査・統制に必要な証拠要件、証跡収集の頻度、シャドーAI対策、監査質問への対応観点を解説。組織のリスクと規制に応じた体制整備を支援し、適切な証跡管理の実務をサポートします。合格を観点の整理・支援であり、保証は行いませんものではなく、観点整理に焦点を当てています。,https://aimoaas.com/ja/resources/pseo/proof-assurance-boundary-ai-audit-controls-b-129/,"noindex,follow",ja,,589,pseo-article,proof-vs-assurance,,false,false,false,2,true,true,6,0,b-129,/ja/resources/pseo/b-129/
https://aimoaas.com/ja/resources/pseo/proof-assurance-boundary-ai-audit-controls-b-130/,proof-assurance-boundary-ai-audit-controls-b-130,シャドーAI対策から監査証跡まで：AI利用のログと統制実務ガイド,シャドーAI対策から監査証跡まで：AI利用のログと統制実務ガイド,シャドーAI対策から監査証跡まで：AI利用のログと統制実務ガイド,シャドーAIによるリスクを管理し、AI利用の監査・統制に必要な証跡、ログ、運用記録の整備観点を解説。AIMOaaSが提供する実務支援で、効果的なAIガバナンスを構築します。,https://aimoaas.com/ja/resources/pseo/proof-assurance-boundary-ai-audit-controls-b-130/,"noindex,follow",ja,,589,pseo-article,proof-vs-assurance,,false,false,false,2,true,true,6,0,b-130,/ja/resources/pseo/b-130/
https://aimoaas.com/ja/resources/pseo/proof-assurance-boundary-ai-audit-controls-c-141/,proof-assurance-boundary-ai-audit-controls-c-141,AI運用フローと監査証跡：ポリシー更新と継続的統制,AI運用フローと監査証跡：ポリシー更新と継続的統制,AI運用フローと監査証跡：ポリシー更新と継続的統制,AI利用の申請から審査、例外処理、ポリシー更新、継続監査までの一連の運用フローを解説。RACI定義、棚卸サイクル、必要証跡の観点整理を通じて、効果的なAI統制と監査対応を支援します。,https://aimoaas.com/ja/resources/pseo/proof-assurance-boundary-ai-audit-controls-c-141/,"noindex,follow",ja,,533,pseo-article,proof-vs-assurance,,false,false,false,2,true,true,6,0,c-141,/ja/resources/pseo/c-141/
https://aimoaas.com/ja/resources/pseo/proof-assurance-boundary-ai-audit-controls-control-evidence-frequency/,proof-assurance-boundary-ai-audit-controls-control-evidence-frequency,AIMOaaS 監査・統制の実務：証跡、ログ保持、取得頻度の実践ガイド,AIMOaaS 監査・統制の実務：証跡、ログ保持、取得頻度の実践ガイド,AIMOaaS 監査・統制の実務：証跡、ログ保持、取得頻度の実践ガイド,AIMOaaS環境における監査・統制に必要な証跡、ログ保持要件、取得頻度を実践的に解説。シャドーAI対策から監査指摘の是正まで、観点整理を支援し、組織のリスク管理と規制対応をサポートします。,https://aimoaas.com/ja/resources/pseo/proof-assurance-boundary-ai-audit-controls-control-evidence-frequency/,"index,follow",ja,,549,pseo-article,proof-vs-assurance,,false,false,false,2,true,true,6,0,control-evidence-frequency,/ja/resources/pseo/control-evidence-frequency/
https://aimoaas.com/ja/resources/pseo/proof-assurance-boundary-ai-audit-controls-d-153/,proof-assurance-boundary-ai-audit-controls-d-153,AI監査・統制の実務：AIMOaaSによる証憑と証跡の整理支援,AI監査・統制の実務：AIMOaaSによる証憑と証跡の整理支援,AI監査・統制の実務：AIMOaaSによる証憑と証跡の整理支援,AIMOaaSは、AIモデルの監査・統制に必要な証跡の整備を支援します。証憑提供者と保証結論者の役割分担、監査で求められる証跡と質問、SLAや契約での責任分界、欠落と是正の観点を整理し、効果的な監査対応をサポートします。,https://aimoaas.com/ja/resources/pseo/proof-assurance-boundary-ai-audit-controls-d-153/,"noindex,follow",ja,,679,pseo-article,proof-vs-assurance,,false,false,false,2,true,true,6,0,d-153,/ja/resources/pseo/d-153/
https://aimoaas.com/ja/resources/pseo/proof-assurance-boundary-ai-audit-controls-e-163/,proof-assurance-boundary-ai-audit-controls-e-163,AIマネジメント監査・規制対応：証跡・統制の観点整理,AIマネジメント監査・規制対応：証跡・統制の観点整理,AIマネジメント監査・規制対応：証跡・統制の観点整理,ISO 42001、NIST AI RMF、EU AI Act等のAI規制・標準への「対応の観点」を整理し、監査や認証に向けた証跡整備と統制確立を支援。準拠の可否は組織・監査の範囲ですではなく、Evidence readinessに焦点を当てます。,https://aimoaas.com/ja/resources/pseo/proof-assurance-boundary-ai-audit-controls-e-163/,"noindex,follow",ja,,508,pseo-article,proof-vs-assurance,,false,false,false,8,true,true,6,0,e-163,/ja/resources/pseo/e-163/
https://aimoaas.com/ja/resources/pseo/proof-assurance-boundary-ai-audit-controls-e-165/,proof-assurance-boundary-ai-audit-controls-e-165,AIシステム監査・統制の実践：ISMS対応観点とCoverage Mapによる証跡整理,AIシステム監査・統制の実践：ISMS対応観点とCoverage Mapによる証跡整理,AIシステム監査・統制の実践：ISMS対応観点とCoverage Mapによる証跡整理,AIMOaaSのCoverage Mapが、ISO/IEC 42001、NIST AI RMF、EU AI Actといった主要AI規制・標準への対応観点を整理。AIシステム監査・統制に必要な証跡準備とEvidence readinessを支援し、効果的なAIガバナンス構築に貢献します。,https://aimoaas.com/ja/resources/pseo/proof-assurance-boundary-ai-audit-controls-e-165/,"noindex,follow",ja,,508,pseo-article,proof-vs-assurance,,false,false,false,8,true,true,6,0,e-165,/ja/resources/pseo/e-165/
https://aimoaas.com/ja/resources/pseo/proof-assurance-boundary-ai-audit-controls-e-166/,proof-assurance-boundary-ai-audit-controls-e-166,"AI監査・統制の証跡と規制対応：ISO, NIST, EU AI Act観点","AI監査・統制の証跡と規制対応：ISO, NIST, EU AI Act観点","AI監査・統制の証跡と規制対応：ISO, NIST, EU AI Act観点","AIマネジメントにおける監査・規制対応のための証跡整備を支援します。ISO/IEC 42001, NIST AI RMF, EU AI Actなど主要なAI規制・標準に対する「対応の観点」を網羅。準拠保証ではなく、監査準備とリスク管理に必要な情報を提供し、効率的なAI統制と証跡整備をサポートします。",https://aimoaas.com/ja/resources/pseo/proof-assurance-boundary-ai-audit-controls-e-166/,"noindex,follow",ja,,548,pseo-article,proof-vs-assurance,,false,false,false,8,true,true,6,0,e-166,/ja/resources/pseo/e-166/
https://aimoaas.com/ja/resources/pseo/proof-assurance-boundary-ai-audit-controls-e-167/,proof-assurance-boundary-ai-audit-controls-e-167,"AI監査・統制実務：ISO/IEC 42001, NIST AI RMF, EU AI Act対応の観点と証跡","AI監査・統制実務：ISO/IEC 42001, NIST AI RMF, EU AI Act対応の観点と証跡","AI監査・統制実務：ISO/IEC 42001, NIST AI RMF, EU AI Act対応の観点と証跡","ISO/IEC 42001, NIST AI RMF, EU AI Actなど主要なAI規制・標準への対応観点と、監査に必要な証跡・統制項目を整理。AIMOaaSがEvidence readinessを支援し、組織のAIガバナンス構築を促進します。",https://aimoaas.com/ja/resources/pseo/proof-assurance-boundary-ai-audit-controls-e-167/,"noindex,follow",ja,,508,pseo-article,proof-vs-assurance,,false,false,false,8,true,true,6,0,e-167,/ja/resources/pseo/e-167/
https://aimoaas.com/ja/resources/pseo/proof-assurance-boundary-ai-audit-controls-e-168/,proof-assurance-boundary-ai-audit-controls-e-168,AIMOaaS ISMS監査・統制実務：Coverage Mapで観点と証跡を整理,AIMOaaS ISMS監査・統制実務：Coverage Mapで観点と証跡を整理,AIMOaaS ISMS監査・統制実務：Coverage Mapで観点と証跡を整理,"AIMOaaSのCoverage Mapは、ISO/IEC 42001, NIST AI RMF, EU AI Actといった主要なAI規制・標準への「対応観点」を整理。監査・統制に必要な証跡準備を支援し、ISMS等へのAIガバナンス構築をサポートします。",https://aimoaas.com/ja/resources/pseo/proof-assurance-boundary-ai-audit-controls-e-168/,"noindex,follow",ja,,548,pseo-article,proof-vs-assurance,,false,false,false,8,true,true,6,0,e-168,/ja/resources/pseo/e-168/
https://aimoaas.com/ja/resources/pseo/proof-assurance-boundary-ai-audit-controls-e-169/,proof-assurance-boundary-ai-audit-controls-e-169,AIマネジメント・監査・規制対応のための証跡整理と統制観点,AIマネジメント・監査・規制対応のための証跡整理と統制観点,AIマネジメント・監査・規制対応のための証跡整理と統制観点,"ISO/IEC 42001, NIST AI RMF, EU AI Actに対応するAIマネジメントの監査・統制観点を整理。証跡や運用記録の準備を支援し、規制要件への体制整備をサポートします。",https://aimoaas.com/ja/resources/pseo/proof-assurance-boundary-ai-audit-controls-e-169/,"noindex,follow",ja,,508,pseo-article,proof-vs-assurance,,false,false,false,8,true,true,6,0,e-169,/ja/resources/pseo/e-169/
https://aimoaas.com/ja/resources/pseo/proof-assurance-boundary-ai-audit-controls-e-171/,proof-assurance-boundary-ai-audit-controls-e-171,AI監査・統制の実務: Coverage MapでISMS対応観点と証跡を整理,AI監査・統制の実務: Coverage MapでISMS対応観点と証跡を整理,AI監査・統制の実務: Coverage MapでISMS対応観点と証跡を整理,ISO/IEC 42001、NIST AI RMF、EU AI Act等の主要AI規制・標準への対応観点をCoverage Mapで整理。監査に必要な証跡準備と統制項目を明確にし、Evidence readinessを支援。準拠保証ではなく、組織の統制整備に貢献します。,https://aimoaas.com/ja/resources/pseo/proof-assurance-boundary-ai-audit-controls-e-171/,"noindex,follow",ja,,548,pseo-article,proof-vs-assurance,,false,false,false,8,true,true,6,0,e-171,/ja/resources/pseo/e-171/
https://aimoaas.com/ja/resources/pseo/proof-assurance-boundary-ai-audit-controls-e-173/,proof-assurance-boundary-ai-audit-controls-e-173,"AI監査・統制ガイド：ISO/IEC 42001, NIST, EU AI Act対応観点と証跡","AI監査・統制ガイド：ISO/IEC 42001, NIST, EU AI Act対応観点と証跡","AI監査・統制ガイド：ISO/IEC 42001, NIST, EU AI Act対応観点と証跡","AI監査・統制におけるISO/IEC 42001, NIST AI RMF, EU AI Actへの対応観点を整理し、必要な証跡や運用記録の準備を支援します。準拠保証ではなく、Evidence readinessのための実務的な視点を提供します。",https://aimoaas.com/ja/resources/pseo/proof-assurance-boundary-ai-audit-controls-e-173/,"noindex,follow",ja,,548,pseo-article,proof-vs-assurance,,false,false,false,8,true,true,6,0,e-173,/ja/resources/pseo/e-173/
https://aimoaas.com/ja/resources/pseo/proof-assurance-boundary-ai-audit-controls-e-174/,proof-assurance-boundary-ai-audit-controls-e-174,AIシステム監査・統制のためのCoverage Map: ISMS・証跡対応観点,AIシステム監査・統制のためのCoverage Map: ISMS・証跡対応観点,AIシステム監査・統制のためのCoverage Map: ISMS・証跡対応観点,"AIMOaaSのCoverage Mapは、ISO/IEC 42001, NIST AI RMF, EU AI ActなどAI関連規制・標準への「対応の観点」を整理します。監査・統制に必要な証跡・運用記録の整備を支援し、Evidence readinessを高めます。（準拠保証はしません）",https://aimoaas.com/ja/resources/pseo/proof-assurance-boundary-ai-audit-controls-e-174/,"noindex,follow",ja,,508,pseo-article,proof-vs-assurance,,false,false,false,8,true,true,6,0,e-174,/ja/resources/pseo/e-174/
https://aimoaas.com/ja/resources/pseo/proof-assurance-boundary-ai-audit-controls-evidence-requirements-table/,proof-assurance-boundary-ai-audit-controls-evidence-requirements-table,AIシステム監査のための証拠要件・統制証跡一覧と最小基準表,AIシステム監査のための証拠要件・統制証跡一覧と最小基準表,AIシステム監査のための証拠要件・統制証跡一覧と最小基準表,AIシステム監査と統制の実務を支援する証拠要件表と統制証跡一覧。統制項目から必要証跡、ログ/運用記録、頻度までを明確化します。シャドーAI対策のチェックリスト、監査質問への対応、欠落是正の観点、Evidence Packテンプレートを提供。本ページは観点整理を目的とし、特定の保証を与えるものではありません。,https://aimoaas.com/ja/resources/pseo/proof-assurance-boundary-ai-audit-controls-evidence-requirements-table/,"index,follow",ja,,589,pseo-article,proof-vs-assurance,,false,false,false,2,true,true,6,0,evidence-requirements-table,/ja/resources/pseo/evidence-requirements-table/
https://aimoaas.com/ja/resources/pseo/proof-assurance-boundary-ai-audit-e-172/,proof-assurance-boundary-ai-audit-e-172,AIマネジメント監査・規制対応のための証跡整理観点,AIマネジメント監査・規制対応のための証跡整理観点,AIマネジメント監査・規制対応のための証跡整理観点,"AIMOaaSが提供するAIマネジメントの監査・統制に関する実践ガイド。ISO/IEC 42001, NIST AI RMF, EU AI Act等の規制・標準への対応観点と、必要な証跡・運用記録の整理方法を解説。準拠保証ではなく、Evidence readinessを支援します。",https://aimoaas.com/ja/resources/pseo/proof-assurance-boundary-ai-audit-e-172/,"noindex,follow",ja,,548,pseo-article,proof-vs-assurance,,false,false,false,8,true,true,6,0,e-172,/ja/resources/pseo/e-172/
https://aimoaas.com/ja/resources/pseo/proof-assurance-boundary-ai-audit-evidence-audit-questions-pack/,proof-assurance-boundary-ai-audit-evidence-audit-questions-pack,AI監査・統制の実務：質問、証跡、AIガバナンスのための証拠整備,AI監査・統制の実務：質問、証跡、AIガバナンスのための証拠整備,AI監査・統制の実務：質問、証跡、AIガバナンスのための証拠整備,AIサービス/システム監査時の質問対応、必要証跡、AIガバナンス確立のための具体的な証拠整備ガイド。内部監査・外部監査での指摘を避け、効果的な統制と運用の記録を支援します。シャドーAI対策にも。,https://aimoaas.com/ja/resources/pseo/proof-assurance-boundary-ai-audit-evidence-audit-questions-pack/,"index,follow",ja,,549,pseo-article,proof-vs-assurance,,false,false,false,2,true,true,6,0,audit-questions-pack,/ja/resources/pseo/audit-questions-pack/
https://aimoaas.com/ja/resources/pseo/proof-assurance-boundary-ai-audit-evidence-bundle-structure/,proof-assurance-boundary-ai-audit-evidence-bundle-structure,AI監査向け証跡バンドル構成ガイド：AIMO Standardベースの観点,AI監査向け証跡バンドル構成ガイド：AIMO Standardベースの観点,AI監査向け証跡バンドル構成ガイド：AIMO Standardベースの観点,AIMO Standardに基づいた証跡バンドル（Evidence Bundle）の構成要件、監査証拠の最小要件、形式、保持期間に関する観点を解説。複数規制対応を見据えた効率的な整理を支援します。,https://aimoaas.com/ja/resources/pseo/proof-assurance-boundary-ai-audit-evidence-bundle-structure/,"index,follow",ja,,653,pseo-article,proof-vs-assurance,,false,false,false,2,true,true,5,99,evidence-bundle-structure,/ja/resources/pseo/evidence-bundle-structure/
https://aimoaas.com/ja/resources/pseo/proof-assurance-boundary-ai-audit-evidence-formats-standards/,proof-assurance-boundary-ai-audit-evidence-formats-standards,AIMOaaS 証跡・Evidence Bundle の形式と監査提出基準の観点,AIMOaaS 証跡・Evidence Bundle の形式と監査提出基準の観点,AIMOaaS 証跡・Evidence Bundle の形式と監査提出基準の観点,AIMO Standard に基づく証跡 (Evidence Bundle) の構成、最小要件、よくある形式、欠落しやすいポイントを解説。監査提出物の準備を支援する観点を提供します。,https://aimoaas.com/ja/resources/pseo/proof-assurance-boundary-ai-audit-evidence-formats-standards/,"index,follow",ja,,613,pseo-article,proof-vs-assurance,,false,false,false,2,true,true,6,0,evidence-formats-standards,/ja/resources/pseo/evidence-formats-standards/
https://aimoaas.com/ja/resources/pseo/proof-assurance-boundary-ai-audit-intake-audit-submission-checklist/,proof-assurance-boundary-ai-audit-intake-audit-submission-checklist,AIMO Standard準拠 監査・申請用Evidence Bundle構成と証跡チェックリスト,AIMO Standard準拠 監査・申請用Evidence Bundle構成と証跡チェックリスト,AIMO Standard準拠 監査・申請用Evidence Bundle構成と証跡チェックリスト,AIMO Standardに基づき、監査・申請に提出するEvidence Bundleの構成、目次、形式、最小要件を解説します。証跡の欠落を防ぎ、効率的な提出を支援するための観点とテンプレートを提供。規制・監査方針に沿った提出物準備を支援します。,https://aimoaas.com/ja/resources/pseo/proof-assurance-boundary-ai-audit-intake-audit-submission-checklist/,"index,follow",ja,,653,pseo-article,proof-vs-assurance,,false,false,false,2,true,true,6,0,audit-submission-checklist,/ja/resources/pseo/audit-submission-checklist/
https://aimoaas.com/ja/resources/pseo/proof-assurance-boundary-ai-audit-policy-c-137/,proof-assurance-boundary-ai-audit-policy-c-137,AI利用の運用フロー、ポリシー更新、監査、証跡管理の実践的ガイド,AI利用の運用フロー、ポリシー更新、監査、証跡管理の実践的ガイド,AI利用の運用フロー、ポリシー更新、監査、証跡管理の実践的ガイド,AI利用の申請から審査、例外処理、ポリシー更新、継続監査まで、組織が実践すべき運用フローと証跡管理の観点を解説。RACI、棚卸サイクル、監査対応の注意点を網羅し、健全なAIガバナンス構築を支援します。,https://aimoaas.com/ja/resources/pseo/proof-assurance-boundary-ai-audit-policy-c-137/,"noindex,follow",ja,,573,pseo-article,proof-vs-assurance,,false,false,false,2,true,true,6,0,c-137,/ja/resources/pseo/c-137/
https://aimoaas.com/ja/resources/pseo/proof-assurance-boundary-ai-audit-policy-c-145/,proof-assurance-boundary-ai-audit-policy-c-145,AI運用フロー：ポリシー更新、監査、証跡管理の実務,AI運用フロー：ポリシー更新、監査、証跡管理の実務,AI運用フロー：ポリシー更新、監査、証跡管理の実務,AI利用の申請から審査、例外処理、ポリシー更新、継続監査までの運用フローを詳細に解説。RACI定義、棚卸サイクル、必要証跡の観点整理を通じて、組織の統制強化と監査対応を支援します。Human-in-the-LoopやAIMO Standardの概念も適用し、実効性の高いAIガバナンス構築に貢献します。,https://aimoaas.com/ja/resources/pseo/proof-assurance-boundary-ai-audit-policy-c-145/,"noindex,follow",ja,,533,pseo-article,proof-vs-assurance,,false,false,false,2,true,true,6,0,c-145,/ja/resources/pseo/c-145/
https://aimoaas.com/ja/resources/pseo/proof-assurance-boundary-controls-evidence-readiness-internal-audit-evidence/,proof-assurance-boundary-controls-evidence-readiness-internal-audit-evidence,AIガバナンス監査のための証跡準備と内部統制の実務ガイド,AIガバナンス監査のための証跡準備と内部統制の実務ガイド,AIガバナンス監査のための証跡準備と内部統制の実務ガイド,AIシステム導入・運用の内部監査で求められる証跡準備、統制項目、運用記録の観点を解説。シャドーAI対策、監査質問への対応、証跡テンプレートまで、AIガバナンス強化に役立つ実務的なフレームワークを提供します。,https://aimoaas.com/ja/resources/pseo/proof-assurance-boundary-controls-evidence-readiness-internal-audit-evidence/,"index,follow",ja,,589,pseo-article,proof-vs-assurance,,false,false,false,2,true,true,6,0,internal-audit-evidence,/ja/resources/pseo/internal-audit-evidence/
https://aimoaas.com/ja/resources/pseo/proof-assurance-boundary-controls-minimum-evidence-requirements/,proof-assurance-boundary-controls-minimum-evidence-requirements,AIMOaaSにおけるAI統制の最小証拠要件と必要証跡・頻度,AIMOaaSにおけるAI統制の最小証拠要件と必要証跡・頻度,AIMOaaSにおけるAI統制の最小証拠要件と必要証跡・頻度,AIMOaaSのAI統制における最小証拠要件を解説。統制項目、必要証跡、頻度を整理し、シャドーAI対策や監査質問への対応、よくある欠落と是正の観点を提示します。保証を約束するものではなく、組織のリスクと規制に応じた整備の支援を目的としています。,https://aimoaas.com/ja/resources/pseo/proof-assurance-boundary-controls-minimum-evidence-requirements/,"index,follow",ja,,549,pseo-article,proof-vs-assurance,,false,false,false,2,true,true,5,99,minimum-evidence-requirements,/ja/resources/pseo/minimum-evidence-requirements/
https://aimoaas.com/ja/resources/pseo/proof-assurance-boundary-coverage-map-iso42001/,proof-assurance-boundary-coverage-map-iso42001,ISO/IEC 42001対応とAIマネジメント証跡の観点マップ,ISO/IEC 42001対応とAIマネジメント証跡の観点マップ,ISO/IEC 42001対応とAIマネジメント証跡の観点マップ,ISO/IEC 42001、NIST AI RMF、EU AI ActへのAIマネジメント対応観点と証跡整備の支援ページ。規制への準備を効率化し、監査・統制の基礎固めを支援します。,https://aimoaas.com/ja/resources/pseo/proof-assurance-boundary-coverage-map-iso42001/,"noindex,follow",ja,,508,pseo-article,proof-vs-assurance,,false,false,false,8,true,true,6,0,coverage-map-iso42001,/ja/resources/pseo/coverage-map-iso42001/
https://aimoaas.com/ja/resources/pseo/proof-assurance-boundary-evidence-pack-ai-a-104/,proof-assurance-boundary-evidence-pack-ai-a-104,AIMOaaS 監査提出物・証跡の形式とEvidence Bundle構造,AIMOaaS 監査提出物・証跡の形式とEvidence Bundle構造,AIMOaaS 監査提出物・証跡の形式とEvidence Bundle構造,AIMO Standardに基づく監査提出物・証跡の形式と構造を解説。Evidence Bundleの要点を整理し、目次・形式・保持期間の観点を提供。規制・監査対応の実務を支援します。,https://aimoaas.com/ja/resources/pseo/proof-assurance-boundary-evidence-pack-ai-a-104/,"noindex,follow",ja,,613,pseo-article,proof-vs-assurance,,false,false,false,2,true,true,6,0,a-104,/ja/resources/pseo/a-104/
https://aimoaas.com/ja/resources/pseo/proof-assurance-boundary-evidence-pack-ai-a-106/,proof-assurance-boundary-evidence-pack-ai-a-106,監査・統制のための証拠パックと証跡提出物：目次・形式・最小要件の観点,監査・統制のための証拠パックと証跡提出物：目次・形式・最小要件の観点,監査・統制のための証拠パックと証跡提出物：目次・形式・最小要件の観点,AIMO StandardのEvidence Bundleを根拠に、監査や規制対応で求められる証拠パック（提出物）の構成、目次、形式、保持期間、および最小要件の観点を整理。一つの証拠基盤で複数の規制・監査観点をカバーするための指針として、よくある欠落と是正のポイントも解説。具体的な保証結論は監査法人等の責任範囲ですではなく、組織の準備を支援する情報を提供します。,https://aimoaas.com/ja/resources/pseo/proof-assurance-boundary-evidence-pack-ai-a-106/,"noindex,follow",ja,,613,pseo-article,proof-vs-assurance,,false,false,false,2,true,true,6,0,a-106,/ja/resources/pseo/a-106/
https://aimoaas.com/ja/resources/pseo/proof-assurance-boundary-evidence-readiness-ai-b-122/,proof-assurance-boundary-evidence-readiness-ai-b-122,シャドーAI対策と監査証跡：AIMOaaSでのログ・運用記録整備ガイド,シャドーAI対策と監査証跡：AIMOaaSでのログ・運用記録整備ガイド,シャドーAI対策と監査証跡：AIMOaaSでのログ・運用記録整備ガイド,AIMOaaS環境におけるシャドーAI利用のリスク管理と監査対応に向け、必要な証跡・ログの最小要件と整備方法を解説。統制目標から証跡、監査質問への対応まで、網羅的な観点を提供し、効果的な監査準備を支援します。,https://aimoaas.com/ja/resources/pseo/proof-assurance-boundary-evidence-readiness-ai-b-122/,"noindex,follow",ja,,549,pseo-article,proof-vs-assurance,,false,false,false,2,true,true,6,0,b-122,/ja/resources/pseo/b-122/
https://aimoaas.com/ja/resources/pseo/proof-assurance-boundary-evidence-readiness-ai-d-147/,proof-assurance-boundary-evidence-readiness-ai-d-147,AIMOaaS 監査・統制実務：証憑・保証と証跡整備の観点,AIMOaaS 監査・統制実務：証憑・保証と証跡整備の観点,AIMOaaS 監査・統制実務：証憑・保証と証跡整備の観点,AIMOaaSにおける監査・統制の実践ガイド。証憑（Proof）と保証（Assurance）の責任分界を明確にし、誰が何を整備し、監査で必要となる証跡の観点を整理します。効果的なAIシステム運用を支援。,https://aimoaas.com/ja/resources/pseo/proof-assurance-boundary-evidence-readiness-ai-d-147/,"noindex,follow",ja,,719,pseo-article,proof-vs-assurance,,false,false,false,2,true,true,6,0,d-147,/ja/resources/pseo/d-147/
https://aimoaas.com/ja/resources/pseo/proof-assurance-boundary-evidence-readiness-intake-c-142/,proof-assurance-boundary-evidence-readiness-intake-c-142,AI運用におけるHuman-in-the-Loopと申請承認・監査証跡の整備,AI運用におけるHuman-in-the-Loopと申請承認・監査証跡の整備,AI運用におけるHuman-in-the-Loopと申請承認・監査証跡の整備,AI利用の申請・審査・承認から継続監査、棚卸まで、Human-in-the-Loopを組み込んだ運用ワークフローを解説。必要な証跡と監査対応の観点を整理し、堅牢なAIガバナンスと統制強化を支援します。,https://aimoaas.com/ja/resources/pseo/proof-assurance-boundary-evidence-readiness-intake-c-142/,"noindex,follow",ja,,573,pseo-article,proof-vs-assurance,,false,false,false,2,true,true,6,0,c-142,/ja/resources/pseo/c-142/
https://aimoaas.com/ja/resources/pseo/proof-assurance-boundary-intake-review-approve-c-138/,proof-assurance-boundary-intake-review-approve-c-138,AI利用の申請・承認と継続監査：Human-in-the-Loopによる証跡管理,AI利用の申請・承認と継続監査：Human-in-the-Loopによる証跡管理,AI利用の申請・承認と継続監査：Human-in-the-Loopによる証跡管理,AIサービスの適切な運用を支える申請・審査・承認ワークフロー、継続監査の観点、Human-in-the-Loopによる証跡管理について解説。組織の統制強化を支援します。,https://aimoaas.com/ja/resources/pseo/proof-assurance-boundary-intake-review-approve-c-138/,"noindex,follow",ja,,533,pseo-article,proof-vs-assurance,,false,false,false,2,true,true,6,0,c-138,/ja/resources/pseo/c-138/
https://aimoaas.com/ja/resources/pseo/proof-assurance-boundary-responsibility-boundary-ai-d-159/,proof-assurance-boundary-responsibility-boundary-ai-d-159,AIMOaaS監査・統制実務：証憑、保証、役割、証跡整理の観点,AIMOaaS監査・統制実務：証憑、保証、役割、証跡整理の観点,AIMOaaS監査・統制実務：証憑、保証、役割、証跡整理の観点,AIMOaaSは、AIモデルの監査・統制における証跡整備を支援。責任分界、証跡の流れ、質問と必要証跡の観点を解説。保証は監査法人等の責任範囲であり、本ページは「観点の整理」を提供します。,https://aimoaas.com/ja/resources/pseo/proof-assurance-boundary-responsibility-boundary-ai-d-159/,"noindex,follow",ja,,719,pseo-article,proof-vs-assurance,,false,false,false,2,true,true,6,0,d-159,/ja/resources/pseo/d-159/
https://aimoaas.com/ja/resources/pseo/proof-assurance-boundary-responsibility-boundary-ai-proof-vs-assurance/,proof-assurance-boundary-responsibility-boundary-ai-proof-vs-assurance,AIMOaaSにおける監査・統制：証憑（Proof）と保証（Assurance）の責任分界,AIMOaaSにおける監査・統制：証憑（Proof）と保証（Assurance）の責任分界,AIMOaaSにおける監査・統制：証憑（Proof）と保証（Assurance）の責任分界,監査・統制におけるAIモデルの証憑（Proof）と保証（Assurance）の責任分界を明確化します。AIMOaaSが提供する証跡整備支援と、企業・監査法人の役割、SLA観点や監査質問への対応策について整理します。,https://aimoaas.com/ja/resources/pseo/proof-assurance-boundary-responsibility-boundary-ai-proof-vs-assurance/,"noindex,follow",ja,,719,pseo-article,proof-vs-assurance,,false,false,false,2,true,true,5,99,proof-vs-assurance,/ja/resources/pseo/proof-vs-assurance/
https://aimoaas.com/ja/resources/pseo/proof-assurance-boundary-responsibility-boundary-ai-responsibility-boundary/,proof-assurance-boundary-responsibility-boundary-ai-responsibility-boundary,AI監査の責任分界：Proof（証憑）とAssurance（保証結論）の役割,AI監査の責任分界：Proof（証憑）とAssurance（保証結論）の役割,AI監査の責任分界：Proof（証憑）とAssurance（保証結論）の役割,AI監査・統制におけるProof（証憑）提供とAssurance（保証結論）の責任分界を解説。AIMOaaSは証跡整備を支援し、企業や監査法人が保証判断を行う観点を提供。監査対応に必要な役割とフロー、SLA観点を整理します。,https://aimoaas.com/ja/resources/pseo/proof-assurance-boundary-responsibility-boundary-ai-responsibility-boundary/,"noindex,follow",ja,,679,pseo-article,proof-vs-assurance,,false,false,false,2,true,true,6,0,responsibility-boundary,/ja/resources/pseo/responsibility-boundary/
https://aimoaas.com/ja/resources/pseo/responsibility-boundary-evidence-readiness-proof-assurance-c-132/,responsibility-boundary-evidence-readiness-proof-assurance-c-132,AI利用の継続監査と統制：RACI、棚卸、証跡整備の実務観点,AI利用の継続監査と統制：RACI、棚卸、証跡整備の実務観点,AI利用の継続監査と統制：RACI、棚卸、証跡整備の実務観点,AI利用の申請から継続監査、棚卸、証跡整備まで、AIMOaaSにおける運用ワークフローを解説。RACI、フロー、サイクル、監査質問への対応観点を整理し、効果的な統制を支援します。,https://aimoaas.com/ja/resources/pseo/responsibility-boundary-evidence-readiness-proof-assurance-c-132/,"noindex,follow",ja,,533,pseo-article,proof-vs-assurance,,false,false,false,2,true,true,6,0,c-132,/ja/resources/pseo/c-132/
https://aimoaas.com/ja/resources/pseo/responsibility-boundary-evidence-readiness-proof-assurance-c-136/,responsibility-boundary-evidence-readiness-proof-assurance-c-136,AI利用の監査・統制ワークフロー：RACI、継続監査、棚卸と証跡整備の観点,AI利用の監査・統制ワークフロー：RACI、継続監査、棚卸と証跡整備の観点,AI利用の監査・統制ワークフロー：RACI、継続監査、棚卸と証跡整備の観点,AI利用の監査・統制実務を支援するワークフローと観点を提供。RACIによる責任明確化、申請・審査・更新・棚卸、継続監査のフロー、および監査で問われる証跡の整理方法まで、組織の運用整備をサポートします。,https://aimoaas.com/ja/resources/pseo/responsibility-boundary-evidence-readiness-proof-assurance-c-136/,"noindex,follow",ja,,533,pseo-article,proof-vs-assurance,,false,false,false,2,true,true,6,0,c-136,/ja/resources/pseo/c-136/
https://aimoaas.com/ja/resources/pseo/responsibility-boundary-evidence-readiness-proof-assurance-c-140/,responsibility-boundary-evidence-readiness-proof-assurance-c-140,AI利用の継続監査・棚卸・RACIと証跡整備の実践的観点,AI利用の継続監査・棚卸・RACIと証跡整備の実践的観点,AI利用の継続監査・棚卸・RACIと証跡整備の実践的観点,AI利用の申請から棚卸、継続監査までのワークフローとRACI責任範囲を整理します。効果的な証跡整備と監査対応を支援する観点を提供し、組織の統制強化をサポートします。,https://aimoaas.com/ja/resources/pseo/responsibility-boundary-evidence-readiness-proof-assurance-c-140/,"noindex,follow",ja,,573,pseo-article,proof-vs-assurance,,false,false,false,2,true,true,6,0,c-140,/ja/resources/pseo/c-140/
https://aimoaas.com/ja/resources/pseo/responsibility-boundary-evidence-readiness-proof-assurance-d-148/,responsibility-boundary-evidence-readiness-proof-assurance-d-148,AIMOaaS監査・統制の実務：SLA、責任マトリクス、証跡整備の観点,AIMOaaS監査・統制の実務：SLA、責任マトリクス、証跡整備の観点,AIMOaaS監査・統制の実務：SLA、責任マトリクス、証跡整備の観点,AIMOaaSが提供する監査・統制支援の実務を解説。SLA、責任マトリクス、証跡の整備・活用の観点を整理し、企業と監査法人の役割分界を明確化。監査対応に必要な証跡準備と、よくある課題への対策、そして証跡テンプレートの観点を提供し、監査準備の負担軽減を支援します。,https://aimoaas.com/ja/resources/pseo/responsibility-boundary-evidence-readiness-proof-assurance-d-148/,"noindex,follow",ja,,679,pseo-article,proof-vs-assurance,,false,false,false,2,true,true,6,0,d-148,/ja/resources/pseo/d-148/
https://aimoaas.com/ja/resources/pseo/responsibility-boundary-evidence-readiness-proof-assurance-d-151/,responsibility-boundary-evidence-readiness-proof-assurance-d-151,AIMOaaS監査・統制実務：証跡整備、SLA、責任分界マトリクス観点,AIMOaaS監査・統制実務：証跡整備、SLA、責任分界マトリクス観点,AIMOaaS監査・統制実務：証跡整備、SLA、責任分界マトリクス観点,AIMOaaSを活用したAIシステムの監査・統制実務向けに、証跡整備、SLA、責任分界マトリクスなどの観点を整理。AIMOaaSは監査説明に必要な証跡準備を支援し、保証結論は監査機関の役割です。,https://aimoaas.com/ja/resources/pseo/responsibility-boundary-evidence-readiness-proof-assurance-d-151/,"noindex,follow",ja,,679,pseo-article,proof-vs-assurance,,false,false,false,2,true,true,6,0,d-151,/ja/resources/pseo/d-151/
https://aimoaas.com/ja/resources/pseo/responsibility-boundary-evidence-readiness-proof-assurance-d-160/,responsibility-boundary-evidence-readiness-proof-assurance-d-160,AIMOaaS監査・統制の実務：責任分界・証跡フロー・エビデンスパック整理の観点,AIMOaaS監査・統制の実務：責任分界・証跡フロー・エビデンスパック整理の観点,AIMOaaS監査・統制の実務：責任分界・証跡フロー・エビデンスパック整理の観点,AIMOaaSが提供する監査・統制におけるSLA、責任マトリクス、証跡整備の観点を解説。責任分界、証跡フロー、監査質問への対応、エビデンスパックの整理を通じて、貴社の監査準備を支援します。,https://aimoaas.com/ja/resources/pseo/responsibility-boundary-evidence-readiness-proof-assurance-d-160/,"noindex,follow",ja,,679,pseo-article,proof-vs-assurance,,false,false,false,2,true,true,6,0,d-160,/ja/resources/pseo/d-160/
https://aimoaas.com/ja/resources/pseo/responsibility-boundary-intake-review-approve-ai-operating-workflow/,responsibility-boundary-intake-review-approve-ai-operating-workflow,AI利用の運用フロー：申請・審査・例外・更新、棚卸、継続監査、RACIによるガバナンス実践,AI利用の運用フロー：申請・審査・例外・更新、棚卸、継続監査、RACIによるガバナンス実践,AI利用の運用フロー：申請・審査・例外・更新、棚卸、継続監査、RACIによるガバナンス実践,AI利用の運用フロー（申請・審査・例外・更新）と、棚卸、継続監査、RACIベースのガバナンス実践を支援。監査で求められる証跡準備や体制整備の観点を整理し、統制強化を支援します。,https://aimoaas.com/ja/resources/pseo/responsibility-boundary-intake-review-approve-ai-operating-workflow/,"index,follow",ja,,533,pseo-article,proof-vs-assurance,,false,false,false,2,true,true,6,0,operating-workflow,/ja/resources/pseo/operating-workflow/
https://aimoaas.com/ja/resources/pseo/responsibility-boundary-intake-review-approve-ai-raci-governance/,responsibility-boundary-intake-review-approve-ai-raci-governance,AI利用のRACI責任分担と申請・承認フロー：監査・統制実務ガイド,AI利用のRACI責任分担と申請・承認フロー：監査・統制実務ガイド,AI利用のRACI責任分担と申請・承認フロー：監査・統制実務ガイド,AIシステム利用の申請・承認・例外処理から継続的な棚卸、監査対応まで、RACIモデルに基づいた責任分担とワークフローを詳細に解説。効果的なガバナンス構築と規制遵守を支援する実践的な観点を提供します。,https://aimoaas.com/ja/resources/pseo/responsibility-boundary-intake-review-approve-ai-raci-governance/,"index,follow",ja,,573,pseo-article,proof-vs-assurance,,false,false,false,2,true,true,6,0,raci-governance,/ja/resources/pseo/raci-governance/
https://aimoaas.com/ja/resources/pseo/responsibility-boundary-proof-assurance-boundary-ai-c-144/,responsibility-boundary-proof-assurance-boundary-ai-c-144,AI利用の棚卸と継続監査：RACIによる統制と証跡管理の実践,AI利用の棚卸と継続監査：RACIによる統制と証跡管理の実践,AI利用の棚卸と継続監査：RACIによる統制と証跡管理の実践,AI利用の申請から更新、棚卸、継続監査までの一連のワークフローと、RACIに基づいた責任分担、監査で求められる証跡の観点を整理。AIガバナンスと統制の実務を支援します。,https://aimoaas.com/ja/resources/pseo/responsibility-boundary-proof-assurance-boundary-ai-c-144/,"noindex,follow",ja,,533,pseo-article,proof-vs-assurance,,false,false,false,2,true,true,6,0,c-144,/ja/resources/pseo/c-144/
https://aimoaas.com/ja/resources/pseo/responsibility-boundary-proof-assurance-boundary-ai-d-146/,responsibility-boundary-proof-assurance-boundary-ai-d-146,AIMOaaSにおける監査・統制の実務：責任分界、証跡と保証結論,AIMOaaSにおける監査・統制の実務：責任分界、証跡と保証結論,AIMOaaSにおける監査・統制の実務：責任分界、証跡と保証結論,AIMOaaSを活用した監査・統制における責任分界、証跡の整備、保証結論の考え方を解説。Proof提供とAssurance判断の役割を整理し、監査対応の観点を提供します。,https://aimoaas.com/ja/resources/pseo/responsibility-boundary-proof-assurance-boundary-ai-d-146/,"noindex,follow",ja,,719,pseo-article,proof-vs-assurance,,false,false,false,2,true,true,6,0,d-146,/ja/resources/pseo/d-146/
https://aimoaas.com/ja/resources/pseo/responsibility-boundary-proof-assurance-boundary-ai-d-149/,responsibility-boundary-proof-assurance-boundary-ai-d-149,AIMOaaS 監査・統制の実務: 責任分界と証跡・保証の整理,AIMOaaS 監査・統制の実務: 責任分界と証跡・保証の整理,AIMOaaS 監査・統制の実務: 責任分界と証跡・保証の整理,AIMOaaSにおける監査・統制の実務ページ。責任分界の明確化、Proof（証憑）とAssurance（保証結論）の役割整理、証跡のフロー、SLA観点、監査質問と必要証跡を具体的に解説し、効果的な監査対応を支援します。,https://aimoaas.com/ja/resources/pseo/responsibility-boundary-proof-assurance-boundary-ai-d-149/,"noindex,follow",ja,,679,pseo-article,proof-vs-assurance,,false,false,false,2,true,true,6,0,d-149,/ja/resources/pseo/d-149/
https://aimoaas.com/ja/resources/pseo/responsibility-boundary-proof-assurance-boundary-ai-d-152/,responsibility-boundary-proof-assurance-boundary-ai-d-152,AIMOaaS 監査・統制実務：責任分界、証跡と保証の観点整理,AIMOaaS 監査・統制実務：責任分界、証跡と保証の観点整理,AIMOaaS 監査・統制実務：責任分界、証跡と保証の観点整理,AIMOaaS環境における監査・統制の実務支援ページ。責任分界、Proof（証憑）とAssurance（保証結論）の役割を明確化し、証跡の流れ、SLA観点、監査で問われる質問と必要な証跡の対応関係を整理します。組織の状況に応じた実効的な統制確立を支援する観点を提供します。,https://aimoaas.com/ja/resources/pseo/responsibility-boundary-proof-assurance-boundary-ai-d-152/,"noindex,follow",ja,,679,pseo-article,proof-vs-assurance,,false,false,false,2,true,true,6,0,d-152,/ja/resources/pseo/d-152/
https://aimoaas.com/ja/resources/pseo/responsibility-boundary-proof-assurance-boundary-ai-d-154/,responsibility-boundary-proof-assurance-boundary-ai-d-154,"AIMOaaS監査・統制の実務: SLA, 責任マトリクス, 証跡の観点","AIMOaaS監査・統制の実務: SLA, 責任マトリクス, 証跡の観点","AIMOaaS監査・統制の実務: SLA, 責任マトリクス, 証跡の観点",AIMOaaSを活用した監査・統制におけるSLA、責任分界、証跡整備の観点を解説します。シャドーAI対策や監査で聞かれる質問と必要証跡の対応表を提供し、組織のAIガバナンス強化を支援します。,https://aimoaas.com/ja/resources/pseo/responsibility-boundary-proof-assurance-boundary-ai-d-154/,"noindex,follow",ja,,679,pseo-article,proof-vs-assurance,,false,false,false,2,true,true,6,0,d-154,/ja/resources/pseo/d-154/
https://aimoaas.com/ja/resources/pseo/responsibility-boundary-proof-assurance-boundary-ai-d-155/,responsibility-boundary-proof-assurance-boundary-ai-d-155,AIMOaaS監査・統制の実務：責任分界と証跡・保証の観点整理,AIMOaaS監査・統制の実務：責任分界と証跡・保証の観点整理,AIMOaaS監査・統制の実務：責任分界と証跡・保証の観点整理,AIMOaaSの監査・統制実務ガイド。責任分界、Proof（証憑）とAssurance（保証結論）の役割を整理し、監査で求められる証跡とSLA・契約の観点を詳説。AIガバナンス強化を支援。,https://aimoaas.com/ja/resources/pseo/responsibility-boundary-proof-assurance-boundary-ai-d-155/,"noindex,follow",ja,,719,pseo-article,proof-vs-assurance,,false,false,false,2,true,true,6,0,d-155,/ja/resources/pseo/d-155/
https://aimoaas.com/ja/resources/pseo/responsibility-boundary-proof-assurance-boundary-ai-d-156/,responsibility-boundary-proof-assurance-boundary-ai-d-156,AIMOaaS監査・統制実務：証憑と保証、責任分界の整理,AIMOaaS監査・統制実務：証憑と保証、責任分界の整理,AIMOaaS監査・統制実務：証憑と保証、責任分界の整理,AIMOaaSの監査・統制実務で求められる証憑（Proof）と保証結論（Assurance）の責任分界を明確化。証跡の整備支援、監査で説明可能な観点整理、よくある欠落と是正のポイントを提供し、貴社の監査準備を支援します。,https://aimoaas.com/ja/resources/pseo/responsibility-boundary-proof-assurance-boundary-ai-d-156/,"noindex,follow",ja,,679,pseo-article,proof-vs-assurance,,false,false,false,2,true,true,6,0,d-156,/ja/resources/pseo/d-156/
https://aimoaas.com/ja/resources/pseo/responsibility-boundary-proof-assurance-boundary-ai-d-157/,responsibility-boundary-proof-assurance-boundary-ai-d-157,AIMOaaS監査・統制実務：SLA、責任マトリクス、証跡の観点整理,AIMOaaS監査・統制実務：SLA、責任マトリクス、証跡の観点整理,AIMOaaS監査・統制実務：SLA、責任マトリクス、証跡の観点整理,AIMOaaSにおける監査・統制の実務を支援するページです。SLA、責任マトリクスの明確化、監査で求められる証跡の整備観点やフロー、よくある欠落と是正のポイントを整理します。保証は監査法人の責任とし、AIMOaaSは証跡整備を支援する立場です。,https://aimoaas.com/ja/resources/pseo/responsibility-boundary-proof-assurance-boundary-ai-d-157/,"noindex,follow",ja,,719,pseo-article,proof-vs-assurance,,false,false,false,2,true,true,6,0,d-157,/ja/resources/pseo/d-157/
https://aimoaas.com/ja/resources/pseo/responsibility-boundary-proof-assurance-boundary-ai-d-158/,responsibility-boundary-proof-assurance-boundary-ai-d-158,AIMOaaS監査・統制の実務：責任分界と証跡・保証結論の観点,AIMOaaS監査・統制の実務：責任分界と証跡・保証結論の観点,AIMOaaS監査・統制の実務：責任分界と証跡・保証結論の観点,AIMOaaSは、AIモデルのガバナンスにおける責任分界、Proof（証憑）とAssurance（保証結論）の関係性を明確にします。監査対応に必要な証跡の整備支援や、SLA・契約における責任のマトリクス観点、監査質問と証跡の対応表など、実務で役立つ情報を網羅。監査法人の保証活動を円滑にするための観点を提供し、貴社の統制強化を支援します。,https://aimoaas.com/ja/resources/pseo/responsibility-boundary-proof-assurance-boundary-ai-d-158/,"noindex,follow",ja,,679,pseo-article,proof-vs-assurance,,false,false,false,2,true,true,6,0,d-158,/ja/resources/pseo/d-158/
https://aimoaas.com/ja/resources/pseo/responsibility-boundary-proof-assurance-boundary-ai-sla-responsibility-matrix/,responsibility-boundary-proof-assurance-boundary-ai-sla-responsibility-matrix,AIMOaaS 監査・統制：SLA・責任マトリクス・保証範囲を整理する観点,AIMOaaS 監査・統制：SLA・責任マトリクス・保証範囲を整理する観点,AIMOaaS 監査・統制：SLA・責任マトリクス・保証範囲を整理する観点,AIMOaaSが提供する監査・統制実務のためのSLA、責任マトリクス、保証範囲に関する観点を解説。証跡整備の支援から、監査法人との連携、契約・SLAで明文化すべきポイント、よくある欠落と是正の視点まで網羅し、お客様の統制強化をサポートします。保証結論は監査法人の責任範囲であり、AIMOaaSは観点整理と支援に徹します。,https://aimoaas.com/ja/resources/pseo/responsibility-boundary-proof-assurance-boundary-ai-sla-responsibility-matrix/,"noindex,follow",ja,,679,pseo-article,proof-vs-assurance,,false,false,false,2,true,true,6,0,sla-responsibility-matrix,/ja/resources/pseo/sla-responsibility-matrix/
https://aimoaas.com/ja/resources/pseo/responsibility-boundary-proof-assurance-boundary-evidence-d-150/,responsibility-boundary-proof-assurance-boundary-evidence-d-150,AIMOaaSにおけるAI監査の証憑と保証：役割分界と証跡整備の観点,AIMOaaSにおけるAI監査の証憑と保証：役割分界と証跡整備の観点,AIMOaaSにおけるAI監査の証憑と保証：役割分界と証跡整備の観点,AIMOaaSはAIシステムの監査・統制における証憑（Proof）の整備を支援します。保証（Assurance）は監査人・保証提供者の責任範囲とし、証跡の収集、目次化、提供に関する役割分界や、監査で問われる質問と必要な証跡の観点を整理。効果的な内部統制と外部監査対応のための指針を提供します。,https://aimoaas.com/ja/resources/pseo/responsibility-boundary-proof-assurance-boundary-evidence-d-150/,"noindex,follow",ja,,719,pseo-article,proof-vs-assurance,,false,false,false,2,true,true,6,0,d-150,/ja/resources/pseo/d-150/